{
	"mapZoom": 17,
	"offsetX": 60,
	"offsetY": 80,
  "markerLatLng": [
    2.908934, 101.654835
	]
}
